
{
  "count": 5,
  "results": [{
    "listing_image_id": 741538444,
    "hex_code": "B0A9A0",
    "red": 176,
    "green": 169,
    "blue": 160,
    "hue": 34,
    "saturation": 9,
    "brightness": 69,
    "is_black_and_white": false,
    "creation_tsz": 1426290847,
    "listing_id": 224082884,
    "rank": 1,
    "url_75x75": "https:\/\/img0.etsystatic.com\/051\/2\/7509981\/il_75x75.741538444_6e1m.jpg",
    "url_170x135": "https:\/\/img0.etsystatic.com\/051\/2\/7509981\/il_170x135.741538444_6e1m.jpg",
    "url_570xN": "https:\/\/img0.etsystatic.com\/051\/2\/7509981\/il_570xN.741538444_6e1m.jpg",
    "url_fullxfull": "https:\/\/img0.etsystatic.com\/051\/2\/7509981\/il_fullxfull.741538444_6e1m.jpg",
    "full_height": 1500,
    "full_width": 1500
  }, {
    "listing_image_id": 757503491,
    "hex_code": "3B3B3C",
    "red": 59,
    "green": 59,
    "blue": 60,
    "hue": 240,
    "saturation": 1,
    "brightness": 23,
    "is_black_and_white": false,
    "creation_tsz": 1429047849,
    "listing_id": 224082884,
    "rank": 2,
    "url_75x75": "https:\/\/img1.etsystatic.com\/054\/0\/7509981\/il_75x75.757503491_452w.jpg",
    "url_170x135": "https:\/\/img1.etsystatic.com\/054\/0\/7509981\/il_170x135.757503491_452w.jpg",
    "url_570xN": "https:\/\/img1.etsystatic.com\/054\/0\/7509981\/il_570xN.757503491_452w.jpg",
    "url_fullxfull": "https:\/\/img1.etsystatic.com\/054\/0\/7509981\/il_fullxfull.757503491_452w.jpg",
    "full_height": 1000,
    "full_width": 1000
  }, {
    "listing_image_id": 757503487,
    "hex_code": "373637",
    "red": 55,
    "green": 54,
    "blue": 55,
    "hue": 300,
    "saturation": 1,
    "brightness": 21,
    "is_black_and_white": false,
    "creation_tsz": 1429047849,
    "listing_id": 224082884,
    "rank": 3,
    "url_75x75": "https:\/\/img1.etsystatic.com\/068\/0\/7509981\/il_75x75.757503487_dxie.jpg",
    "url_170x135": "https:\/\/img1.etsystatic.com\/068\/0\/7509981\/il_170x135.757503487_dxie.jpg",
    "url_570xN": "https:\/\/img1.etsystatic.com\/068\/0\/7509981\/il_570xN.757503487_dxie.jpg",
    "url_fullxfull": "https:\/\/img1.etsystatic.com\/068\/0\/7509981\/il_fullxfull.757503487_dxie.jpg",
    "full_height": 1000,
    "full_width": 1000
  }, {
    "listing_image_id": 757503481,
    "hex_code": "2D2D2D",
    "red": 45,
    "green": 45,
    "blue": 45,
    "hue": 0,
    "saturation": 0,
    "brightness": 17,
    "is_black_and_white": false,
    "creation_tsz": 1429047849,
    "listing_id": 224082884,
    "rank": 4,
    "url_75x75": "https:\/\/img1.etsystatic.com\/065\/0\/7509981\/il_75x75.757503481_c3y3.jpg",
    "url_170x135": "https:\/\/img1.etsystatic.com\/065\/0\/7509981\/il_170x135.757503481_c3y3.jpg",
    "url_570xN": "https:\/\/img1.etsystatic.com\/065\/0\/7509981\/il_570xN.757503481_c3y3.jpg",
    "url_fullxfull": "https:\/\/img1.etsystatic.com\/065\/0\/7509981\/il_fullxfull.757503481_c3y3.jpg",
    "full_height": 1000,
    "full_width": 1000
  }, {
    "listing_image_id": 757381794,
    "hex_code": "2F2F30",
    "red": 47,
    "green": 47,
    "blue": 48,
    "hue": 240,
    "saturation": 2,
    "brightness": 18,
    "is_black_and_white": false,
    "creation_tsz": 1429047849,
    "listing_id": 224082884,
    "rank": 5,
    "url_75x75": "https:\/\/img0.etsystatic.com\/054\/0\/7509981\/il_75x75.757381794_98ig.jpg",
    "url_170x135": "https:\/\/img0.etsystatic.com\/054\/0\/7509981\/il_170x135.757381794_98ig.jpg",
    "url_570xN": "https:\/\/img0.etsystatic.com\/054\/0\/7509981\/il_570xN.757381794_98ig.jpg",
    "url_fullxfull": "https:\/\/img0.etsystatic.com\/054\/0\/7509981\/il_fullxfull.757381794_98ig.jpg",
    "full_height": 1000,
    "full_width": 1000
  }],
  "params": {
    "listing_id": "224082884"
  },
  "type": "ListingImage",
  "pagination": {}
}
